Email,Subject,Message
eleenlimon4@gmail.com,"Erica, Thank You for Your Time and Opportunity to Earn Your Business!",qwertyuikujokl;.
eleenlimon4@gmail.com,"Elen, Thank You for Your Time and Opportunity to Earn Your Business!",sdgfhgjhkjlk;l
eleenlimon4@gmail.com,"Erica, Thank You for Your Time and Opportunity to Earn Your Business!",sddfghjkll;;
eleenlimon4@gmail.com,qawesrdetrfytgu,qawesrdgtfhgyhjukl
eleenlimon4@gmail.com,"Erica, Thank You for Your Time and Opportunity to Earn Your Business!",asdfghjkl;
eleenlimon4@gmail.com,"Erica, Thank You for Your Time and Opportunity to Earn Your Business!",asdfghjkl;
eleenlimon4@gmail.com,"Erica, Thank You for Your Time and Opportunity to Earn Your Business!",asdfghjkl;
eleenlimon4@gmail.com,"Andrew Dement, Thank You for Your Time and Opportunity to Earn Your Business!",ASDFRGTYHJKLIUYTRE
eleenlimon4@gmail.com,"Erica, Thank You for Your Time and Opportunity to Earn Your Business!",zxcxd v
eleenlimon4@gmail.com,MLS Expiration Date Change,cdsvfbghjkgfd
hahha@gmail.com,dhahha,you rmon
eleenlimon4@gmail.com,kvfkdjf,vnjkdnfjv
eleenlimon4@gmail.com,kvfkdjf,vnjkdnfjv
eleenlimon4@gmail.com,kvfkdjf,vnjkdnfjv
eleenlimon@gmail.com,cool beans,coffee beans
